"Suite","Benchmark","BeforeNs","AfterNs","DeltaPct","BeforeB","AfterB","BeforeAlloc","AfterAlloc","BeforeMin","BeforeMax","AfterMin","AfterMax"
"probes","halolog-allocation-probes/BenchmarkMaskingAllocation/DefaultRules_EmailCorpus4096_Long_NoResultCache-8","46633","52463","12.5","240","240","1","1","41771","55421","43827","52547"
"probes","halolog-allocation-probes/BenchmarkMaskingAllocation/DefaultRules_EmailCorpus4096_Short_Warm-8","2912","2883","-1","0","0","0","0","2896","2926","2861","2896"
"probes","halolog-allocation-probes/BenchmarkMaskingAllocation/DefaultRules_EmailRepeated_Warm-8","2527","2511","-0.63","0","0","0","0","2468","2528","2493","2530"
"probes","halolog-allocation-probes/BenchmarkMaskingAllocation/DefaultRules_NoMatch-8","1511","1521","0.66","0","0","0","0","1495","1518","1499","1586"
"probes","halolog-allocation-probes/BenchmarkMaskingAllocation/FieldName_ApplyLegacy-8","89.78","89.95","0.19","0","0","0","0","89.59","89.83","89.86","90.25"
"probes","halolog-allocation-probes/BenchmarkMaskingAllocation/NoRules-8","1.396","1.384","-0.86","0","0","0","0","1.38","1.4","1.376","1.4"
"root","github.com/go-gen-ecosystem/halolog/adapters/formatters/BenchmarkFormatterComparison_30Fields/JSON-8","313.5","312.8","-0.22","0","0","0","0","312.1","314.9","312.8","312.8"
"root","github.com/go-gen-ecosystem/halolog/adapters/formatters/BenchmarkFormatterComparison_30Fields/Text-8","3.01","3.032","0.73","0","0","0","0","2.995","3.028","3.005","3.051"
"root","github.com/go-gen-ecosystem/halolog/adapters/formatters/BenchmarkFormatterComparison_Concurrent/JSON-8","1.487","1.415","-4.84","0","0","0","0","1.441","1.553","1.401","1.528"
"root","github.com/go-gen-ecosystem/halolog/adapters/formatters/BenchmarkFormatterComparison_Concurrent/Text-8","0.5555","0.5161","-7.09","0","0","0","0","0.488","0.5746","0.4931","0.5429"
"root","github.com/go-gen-ecosystem/halolog/adapters/formatters/BenchmarkFormatterComparison_RealWorld/JSON-8","135.3","140.4","3.77","0","0","0","0","125.9","178.1","122.2","167.2"
"root","github.com/go-gen-ecosystem/halolog/adapters/formatters/BenchmarkFormatterComparison_RealWorld/Text-8","12.19","13.56","11.24","0","0","0","0","11.25","12.57","13.22","16.29"
"root","github.com/go-gen-ecosystem/halolog/adapters/formatters/BenchmarkFormatterComparison_SimpleMessage/JSON-8","8.568","8.617","0.57","0","0","0","0","8.541","8.717","8.504","9.099"
"root","github.com/go-gen-ecosystem/halolog/adapters/formatters/BenchmarkFormatterComparison_SimpleMessage/Text-8","3.015","3.023","0.27","0","0","0","0","3.006","3.034","3.02","3.026"
"root","github.com/go-gen-ecosystem/halolog/adapters/formatters/BenchmarkFormatterComparison_Throughput/JSON-8","17.14","21.19","23.63","0","0","0","0","13.88","20.35","17.05","21.29"
"root","github.com/go-gen-ecosystem/halolog/adapters/formatters/BenchmarkFormatterComparison_Throughput/Text-8","7.103","6.985","-1.66","0","0","0","0","5.015","7.383","6.444","8.249"
"root","github.com/go-gen-ecosystem/halolog/adapters/formatters/BenchmarkFormatterComparison_WithError/JSON-8","8.649","8.47","-2.07","0","0","0","0","8.503","8.782","8.457","8.47"
"root","github.com/go-gen-ecosystem/halolog/adapters/formatters/BenchmarkFormatterComparison_WithError/Text-8","2.97","2.967","-0.1","0","0","0","0","2.968","3.145","2.963","3.495"
"root","github.com/go-gen-ecosystem/halolog/adapters/formatters/BenchmarkFormatterComparison_WithFields/JSON-8","129.6","130","0.31","0","0","0","0","129","132.2","129.8","130.3"
"root","github.com/go-gen-ecosystem/halolog/adapters/formatters/BenchmarkFormatterComparison_WithFields/Text-8","3.02","3.022","0.07","0","0","0","0","3.007","3.061","3","3.045"
"root","github.com/go-gen-ecosystem/halolog/adapters/formatters/json/BenchmarkAppendJSONString_Clean20-8","11.3","6.819","-39.65","0","0","0","0","9.904","11.81","5.956","6.923"
"root","github.com/go-gen-ecosystem/halolog/adapters/formatters/json/BenchmarkAppendJSONString_Clean80-8","26.09","18.76","-28.1","0","0","0","0","20.83","26.1","14.6","20.31"
"root","github.com/go-gen-ecosystem/halolog/adapters/formatters/json/BenchmarkAppendJSONString_EscapeAt60-8","33.59","35.69","6.25","0","0","0","0","31.69","41.31","33.66","36.33"
"root","github.com/go-gen-ecosystem/halolog/adapters/formatters/json/BenchmarkAppendJSONString_Reference_Clean80-8","32.43","29.56","-8.85","0","0","0","0","31.26","43.73","24.01","31.49"
"root","github.com/go-gen-ecosystem/halolog/adapters/formatters/json/BenchmarkDemoOutput-8","67.33","67.49","0.24","0","0","0","0","66.78","67.69","66.92","67.91"
"root","github.com/go-gen-ecosystem/halolog/adapters/formatters/json/BenchmarkDetailedAnalysis-8","67.19","68.04","1.27","0","0","0","0","66.91","67.55","67.27","68.07"
"root","github.com/go-gen-ecosystem/halolog/adapters/formatters/json/BenchmarkOptimizedJSONFormatter_BufferReuse/LargeBuffer-8","15.58","20.87","33.95","0","0","0","0","12.79","19.88","17.33","22.1"
"root","github.com/go-gen-ecosystem/halolog/adapters/formatters/json/BenchmarkOptimizedJSONFormatter_BufferReuse/OptimalBuffer-8","21.16","18.35","-13.28","0","0","0","0","18.87","24.9","16.27","23.23"
"root","github.com/go-gen-ecosystem/halolog/adapters/formatters/json/BenchmarkOptimizedJSONFormatter_BufferReuse/SmallBuffer-8","21.3","21.17","-0.61","0","0","0","0","16.61","24.25","20.58","22.63"
"root","github.com/go-gen-ecosystem/halolog/adapters/formatters/json/BenchmarkOptimizedJSONFormatter_Comparison/Optimized-8","25.67","28.9","12.58","0","0","0","0","23.04","30.09","28.36","30.69"
"root","github.com/go-gen-ecosystem/halolog/adapters/formatters/json/BenchmarkOptimizedJSONFormatter_Comparison/Original-8","17.72","17.84","0.68","0","0","0","0","17.53","30.11","17.45","27.71"
"root","github.com/go-gen-ecosystem/halolog/adapters/formatters/json/BenchmarkOptimizedJSONFormatter_CompleteEntry-8","106.9","77.06","-27.91","0","0","0","0","105.8","113.9","68.21","102.3"
"root","github.com/go-gen-ecosystem/halolog/adapters/formatters/json/BenchmarkOptimizedJSONFormatter_Parallel-8","1.055","1.06","0.47","0","0","0","0","1.049","1.067","1.06","1.077"
"root","github.com/go-gen-ecosystem/halolog/adapters/formatters/json/BenchmarkOptimizedJSONFormatter_PurePerformance-8","16.83","10.35","-38.5","0","0","0","0","16.04","17.96","8.121","14.27"
"root","github.com/go-gen-ecosystem/halolog/adapters/formatters/json/BenchmarkOptimizedJSONFormatter_SimpleInfo-8","7.899","7.862","-0.47","0","0","0","0","7.789","7.966","7.754","7.923"
"root","github.com/go-gen-ecosystem/halolog/adapters/formatters/json/BenchmarkOptimizedJSONFormatter_SimpleInfoWithFile-8","15.35","15.46","0.72","0","0","0","0","15.15","15.38","15.21","15.65"
"root","github.com/go-gen-ecosystem/halolog/adapters/formatters/json/BenchmarkOptimizedJSONFormatter_StringEscaping/Backslash-8","42.15","35.01","-16.94","0","0","0","0","41.25","45.47","33.33","42.33"
"root","github.com/go-gen-ecosystem/halolog/adapters/formatters/json/BenchmarkOptimizedJSONFormatter_StringEscaping/Complex-8","101.4","78.47","-22.61","0","0","0","0","90.97","104.2","64.65","92.84"
"root","github.com/go-gen-ecosystem/halolog/adapters/formatters/json/BenchmarkOptimizedJSONFormatter_StringEscaping/Mixed-8","49.68","36.42","-26.69","0","0","0","0","49.19","54.7","35.87","42.15"
"root","github.com/go-gen-ecosystem/halolog/adapters/formatters/json/BenchmarkOptimizedJSONFormatter_StringEscaping/Newline-8","43.7","30.47","-30.27","0","0","0","0","37.42","51.52","29.22","36.26"
"root","github.com/go-gen-ecosystem/halolog/adapters/formatters/json/BenchmarkOptimizedJSONFormatter_StringEscaping/NoEscape-8","19.86","14.72","-25.88","0","0","0","0","16.76","19.86","9.348","16.23"
"root","github.com/go-gen-ecosystem/halolog/adapters/formatters/json/BenchmarkOptimizedJSONFormatter_StringEscaping/Quote-8","39.58","44.02","11.22","0","0","0","0","35.15","40.52","33.52","44.4"
"root","github.com/go-gen-ecosystem/halolog/adapters/formatters/json/BenchmarkOptimizedJSONFormatter_StringEscaping/Tab-8","46.47","31.68","-31.83","0","0","0","0","29.61","47.25","30.92","50.77"
"root","github.com/go-gen-ecosystem/halolog/adapters/formatters/json/BenchmarkOptimizedJSONFormatter_VariousMessageSizes/Large-8","42.42","39.14","-7.73","0","0","0","0","41.68","46.46","38.43","57.25"
"root","github.com/go-gen-ecosystem/halolog/adapters/formatters/json/BenchmarkOptimizedJSONFormatter_VariousMessageSizes/Medium-8","21.95","16.51","-24.78","0","0","0","0","18.55","30.66","16.17","18.41"
"root","github.com/go-gen-ecosystem/halolog/adapters/formatters/json/BenchmarkOptimizedJSONFormatter_VariousMessageSizes/Small-8","15.58","13.89","-10.85","0","0","0","0","14.74","17.71","11.85","14.76"
"root","github.com/go-gen-ecosystem/halolog/adapters/formatters/json/BenchmarkOptimizedJSONFormatter_VariousMessageSizes/Tiny-8","13.48","13.1","-2.82","0","0","0","0","11.71","14.41","12.91","13.62"
"root","github.com/go-gen-ecosystem/halolog/adapters/formatters/json/BenchmarkOptimizedJSONFormatter_VariousMessageSizes/VeryLarge-8","57.96","85.23","47.05","0","0","0","0","47.5","65.48","68.87","87.56"
"root","github.com/go-gen-ecosystem/halolog/adapters/formatters/json/BenchmarkOptimizedJSONFormatter_WithField-8","26.6","27.15","2.07","0","0","0","0","26.51","26.89","26.69","27.5"
"root","github.com/go-gen-ecosystem/halolog/adapters/formatters/text/BenchmarkFormat_HotPath-8","8.007","5.032","-37.15","0","0","0","0","6.395","8.976","4.683","6.407"
"root","github.com/go-gen-ecosystem/halolog/adapters/formatters/text/BenchmarkFormatter_AllLevels/level_DEBUG-8","3.522","3.536","0.4","0","0","0","0","3.507","3.525","3.528","3.549"
"root","github.com/go-gen-ecosystem/halolog/adapters/formatters/text/BenchmarkFormatter_AllLevels/level_ERROR-8","3.55","3.584","0.96","0","0","0","0","3.546","3.921","3.536","4.888"
"root","github.com/go-gen-ecosystem/halolog/adapters/formatters/text/BenchmarkFormatter_AllLevels/level_FATAL-8","5.643","6.267","11.06","0","0","0","0","5.351","6.483","5.53","6.69"
"root","github.com/go-gen-ecosystem/halolog/adapters/formatters/text/BenchmarkFormatter_AllLevels/level_INFO-8","3.533","3.517","-0.45","0","0","0","0","3.519","3.55","3.512","3.527"
"root","github.com/go-gen-ecosystem/halolog/adapters/formatters/text/BenchmarkFormatter_AllLevels/level_TRACE-8","3.521","3.534","0.37","0","0","0","0","3.519","3.542","3.518","3.542"
"root","github.com/go-gen-ecosystem/halolog/adapters/formatters/text/BenchmarkFormatter_AllLevels/level_WARN-8","3.529","3.521","-0.23","0","0","0","0","3.523","3.548","3.519","3.53"
"root","github.com/go-gen-ecosystem/halolog/adapters/formatters/text/BenchmarkFormatter_CallerDigitCount/line_10-8","14","15.26","9","0","0","0","0","13.95","15.49","13.41","15.67"
"root","github.com/go-gen-ecosystem/halolog/adapters/formatters/text/BenchmarkFormatter_CallerDigitCount/line_1000-8","19.45","22.73","16.86","0","0","0","0","17.21","22.18","22.4","26.06"
"root","github.com/go-gen-ecosystem/halolog/adapters/formatters/text/BenchmarkFormatter_CallerDigitCount/line_10000-8","20.84","21.97","5.42","0","0","0","0","19.61","27.17","20.35","31.75"
"root","github.com/go-gen-ecosystem/halolog/adapters/formatters/text/BenchmarkFormatter_CallerDigitCount/line_999-8","11.69","12.94","10.69","0","0","0","0","10.17","15.21","11.99","14.06"
"root","github.com/go-gen-ecosystem/halolog/adapters/formatters/text/BenchmarkFormatter_Concurrent-8","1.266","1.322","4.42","0","0","0","0","1.251","1.282","1.268","1.413"
"root","github.com/go-gen-ecosystem/halolog/adapters/formatters/text/BenchmarkFormatter_LargeMessage-8","11.64","11.72","0.69","0","0","0","0","11.35","11.74","11.33","11.76"
"root","github.com/go-gen-ecosystem/halolog/adapters/formatters/text/BenchmarkFormatter_SimpleMessage-8","3.012","3.038","0.86","0","0","0","0","2.978","3.024","2.98","3.042"
"root","github.com/go-gen-ecosystem/halolog/adapters/formatters/text/BenchmarkFormatter_WithCaller-8","9.808","9.788","-0.2","0","0","0","0","9.79","9.81","9.668","9.885"
"root","github.com/go-gen-ecosystem/halolog/adapters/formatters/text/BenchmarkFormatter_ZeroAllocStrict-8","6.817","6.449","-5.4","0","0","0","0","6.222","6.948","5.882","6.543"
"root","github.com/go-gen-ecosystem/halolog/adapters/middleware/BenchmarkAsyncAdapter_Info_HelloWorld-8","118.7","248.6","109.44","10","21","0","0","102.8","125.6","245.2","257"
"root","github.com/go-gen-ecosystem/halolog/adapters/middleware/BenchmarkAsyncAdapter_WithField_Info_HelloWorld-8","259.2","262.8","1.39","8","11","0","0","100.8","260","259.5","263.6"
"root","github.com/go-gen-ecosystem/halolog/adapters/outputs/http/BenchmarkHTTPAdapter_Write-8","73.37","88.13","20.12","70","75","0","0","59.22","74.93","82.58","243.7"
"root","github.com/go-gen-ecosystem/halolog/adapters/outputs/http/BenchmarkHTTPAdapter_WriteWithFormatter-8","54444","47944","-11.94","8609","8686","80","80","50688","55977","43329","48163"
"root","github.com/go-gen-ecosystem/halolog/adapters/outputs/http/BenchmarkStreamingHTTPAdapter_Write-8","48737","41192","-15.48","8598","8531","79","79","46935","56777","40884","41846"
"root","github.com/go-gen-ecosystem/halolog/alerts/BenchmarkSlackSender_Send-8","11.4","11.41","0.09","0","0","0","0","11.39","11.41","11.39","11.45"
"root","github.com/go-gen-ecosystem/halolog/core/BenchmarkEntry-8","19.93","26.49","32.92","0","0","0","0","19.41","23.48","20.1","26.49"
"root","github.com/go-gen-ecosystem/halolog/core/BenchmarkEntryToLogEntry-8","61.87","64.43","4.14","112","112","1","1","59.83","62.3","59.5","66.92"
"root","github.com/go-gen-ecosystem/halolog/core/BenchmarkLoggerInfo-8","26.69","26.99","1.12","0","0","0","0","26.6","26.82","26.59","27.22"
"root","github.com/go-gen-ecosystem/halolog/core/BenchmarkLoggerInfoDisabled-8","0.5897","0.5941","0.75","0","0","0","0","0.5869","0.5922","0.5925","0.5964"
"root","github.com/go-gen-ecosystem/halolog/core/BenchmarkLoggerInfoDiscard-8","0.7915","0.7916","0.01","0","0","0","0","0.7872","0.806","0.787","0.7944"
"root","github.com/go-gen-ecosystem/halolog/core/BenchmarkLoggerTyped1FieldDiscard-8","37.81","28.28","-25.2","0","0","0","0","21.57","40.54","22.11","33.1"
"root","github.com/go-gen-ecosystem/halolog/core/BenchmarkLoggerWithField10Fields-8","54.82","59.53","8.59","0","0","0","0","52.72","67.02","59.11","76.29"
"root","github.com/go-gen-ecosystem/halolog/core/BenchmarkLoggerWithField1Field-8","14.05","18.76","33.52","0","0","0","0","12.22","14.82","15.31","19.01"
"root","github.com/go-gen-ecosystem/halolog/core/BenchmarkLoggerWithField1FieldDiscard-8","12.83","16.4","27.83","0","0","0","0","11.93","17.44","14.92","18.49"
"root","github.com/go-gen-ecosystem/halolog/core/BenchmarkLoggerWithField20Fields-8","101.9","134.1","31.6","0","0","0","0","94.33","120.7","99.5","150.5"
"root","github.com/go-gen-ecosystem/halolog/core/BenchmarkLoggerWithField5Fields-8","48.76","46.1","-5.46","0","0","0","0","37.13","49.85","34.63","46.5"
"root","github.com/go-gen-ecosystem/halolog/core/BenchmarkLoggerWithFieldMetrics-8","40.68","36.59","-10.05","0","0","0","0","37.74","42.42","31.9","37.46"
"root","github.com/go-gen-ecosystem/halolog/core/BenchmarkParallelLogging-8","143.5","147","2.44","0","0","0","0","141.5","143.9","142.8","147.5"
"root","github.com/go-gen-ecosystem/halolog/fielddict/BenchmarkFieldDict_MemoryAllocation/Lookup_Allocations-8","16.97","17.01","0.24","0","0","0","0","16.97","17.02","17","17.01"
"root","github.com/go-gen-ecosystem/halolog/fielddict/BenchmarkFieldDict_O1Lookup/ExistingFields-8","17.2","17.19","-0.06","0","0","0","0","17.18","17.23","17.14","17.21"
"root","github.com/go-gen-ecosystem/halolog/fielddict/BenchmarkFieldDict_O1Lookup/NonExistingFields-8","12.9","12.88","-0.16","0","0","0","0","12.83","13.02","12.87","12.89"
"root","github.com/go-gen-ecosystem/halolog/fielddict/BenchmarkFieldDict_vs_RegexComparison/FieldDict_O1-8","16.53","16.66","0.79","0","0","0","0","16.52","16.56","16.55","16.73"
"root","github.com/go-gen-ecosystem/halolog/fielddict/BenchmarkFieldDict_vs_RegexComparison/Regex_Matching-8","97","96.55","-0.46","0","0","0","0","96.36","97.55","96.11","97.29"
"root","github.com/go-gen-ecosystem/halolog/fielddict/BenchmarkRegexLookup/RegexMatching-8","118","116.2","-1.53","0","0","0","0","116.9","131.5","116.2","116.2"
"root","github.com/go-gen-ecosystem/halolog/masking/BenchmarkEncryptionWorkloads/bytes1/decrypt=false-8","159.1","160.3","0.75","48","48","1","1","158.8","160.7","159.6","160.4"
"root","github.com/go-gen-ecosystem/halolog/masking/BenchmarkEncryptionWorkloads/bytes1/decrypt=true-8","68.03","69.03","1.47","0","0","0","0","67.71","68.16","67.92","71.14"
"root","github.com/go-gen-ecosystem/halolog/masking/BenchmarkEncryptionWorkloads/bytes1024/decrypt=false-8","770.5","771.2","0.09","1408","1408","1","1","757","1275","762.7","1050"
"root","github.com/go-gen-ecosystem/halolog/masking/BenchmarkEncryptionWorkloads/bytes1024/decrypt=true-8","879.3","1260","43.3","1024","1024","1","1","835.2","896.8","1025","1301"
"root","github.com/go-gen-ecosystem/halolog/masking/BenchmarkEncryptionWorkloads/bytes128/decrypt=false-8","245.9","248.7","1.14","224","224","1","1","245.1","247.4","247.1","258.8"
"root","github.com/go-gen-ecosystem/halolog/masking/BenchmarkEncryptionWorkloads/bytes128/decrypt=true-8","150.2","149.3","-0.6","128","128","1","1","149.2","150.7","148.5","156.5"
"root","github.com/go-gen-ecosystem/halolog/masking/BenchmarkEncryptionWorkloads/bytes16/decrypt=false-8","165.4","164.9","-0.3","64","64","1","1","165.1","165.6","164.1","168.5"
"root","github.com/go-gen-ecosystem/halolog/masking/BenchmarkEncryptionWorkloads/bytes16/decrypt=true-8","80.4","80.4","0","16","16","1","1","79.91","80.48","80.08","80.41"
"root","github.com/go-gen-ecosystem/halolog/masking/BenchmarkEncryptionWorkloads/bytes65536/decrypt=false-8","73275","72576","-0.95","245761","245760","2","2","70305","97210","66916","77128"
"root","github.com/go-gen-ecosystem/halolog/masking/BenchmarkEncryptionWorkloads/bytes65536/decrypt=true-8","83867","59037","-29.61","139264","139264","2","2","67139","87184","58337","76821"
"root","github.com/go-gen-ecosystem/halolog/masking/BenchmarkFieldEncryptor_Decrypt-8","116.1","104.9","-9.65","16","16","1","1","98.42","118.2","96.88","133.7"
"root","github.com/go-gen-ecosystem/halolog/masking/BenchmarkFieldEncryptor_Encrypt-8","179.6","262.2","45.99","64","64","1","1","168.2","198","259.7","322"
"root","github.com/go-gen-ecosystem/halolog/pool/BenchmarkComparison_SyncPool_vs_ExtractedPool/ExtractedPool-8","16.21","16.25","0.25","0","0","0","0","12.22","19.09","14.29","21.44"
"root","github.com/go-gen-ecosystem/halolog/pool/BenchmarkComparison_SyncPool_vs_ExtractedPool/SyncPool-8","4.439","7.517","69.34","0","0","0","0","4.332","7.929","6.695","8.07"
"root","github.com/go-gen-ecosystem/halolog/pool/BenchmarkEntryPoolComparison/Consolidated_Pool-8","120.9","128.6","6.37","0","0","0","0","120.6","121.1","128.5","128.8"
"root","github.com/go-gen-ecosystem/halolog/pool/BenchmarkEntryPoolComparison/Sync_Pool-8","0.6428","0.6352","-1.18","0","0","0","0","0.6355","0.6577","0.6347","0.6399"
"root","github.com/go-gen-ecosystem/halolog/pool/BenchmarkEntryPoolConcurrent-8","132.5","137.9","4.08","0","0","0","0","129","133","137.6","138.7"
"root","github.com/go-gen-ecosystem/halolog/pool/BenchmarkEntryPoolConsolidated-8","121.9","128.8","5.66","0","0","0","0","121.4","122.9","128.6","129.5"
"root","github.com/go-gen-ecosystem/halolog/pool/BenchmarkEntryPoolRace-8","121.6","129","6.09","0","0","0","0","120.1","121.9","128.4","129.4"
"root","github.com/go-gen-ecosystem/halolog/pool/BenchmarkEntryPoolSyncPool-8","0.6359","0.6422","0.99","0","0","0","0","0.6353","0.6499","0.6258","0.7995"
"root","github.com/go-gen-ecosystem/halolog/pool/BenchmarkExtractedEntryPool-8","5.168","4.338","-16.06","0","0","0","0","4.779","5.852","4.129","4.874"
"root","github.com/go-gen-ecosystem/halolog/pool/BenchmarkExtractedFieldBuilder-8","41.79","42.88","2.61","0","0","0","0","38.65","44.27","42.67","43.69"
"root","github.com/go-gen-ecosystem/halolog/pool/BenchmarkExtractedPool-8","40.65","38.89","-4.33","0","0","0","0","39.73","40.83","38.26","40.21"
"root","github.com/go-gen-ecosystem/halolog/pool/BenchmarkPool_ArrayIndex-8","0.2467","0.3074","24.6","0","0","0","0","0.2442","0.2862","0.2721","0.3141"
"root","github.com/go-gen-ecosystem/halolog/pool/BenchmarkPool_AtomicStore-8","4.779","4.623","-3.26","0","0","0","0","4.36","5.084","4.238","5.381"
"root","github.com/go-gen-ecosystem/halolog/pool/BenchmarkPool_Baseline_NoPooling-8","0.231","0.2224","-3.72","0","0","0","0","0.2184","0.2561","0.1747","0.2829"
"root","github.com/go-gen-ecosystem/halolog/pool/BenchmarkPool_GetPerPState_Current-8","18.75","14.91","-20.48","0","0","0","0","16.98","19.49","14","17.21"
"root","github.com/go-gen-ecosystem/halolog/pool/BenchmarkPool_GetPerPState_DirectIndex-8","10.71","9.599","-10.37","0","0","0","0","8.857","11.61","9.281","10.41"
"root","github.com/go-gen-ecosystem/halolog/pool/BenchmarkPool_GetPerPState_NoStats-8","11.75","10.66","-9.28","0","0","0","0","10.65","12.48","8.655","11.91"
"root","github.com/go-gen-ecosystem/halolog/pool/BenchmarkPool_GetPerPState_RoundRobin-8","16.25","12.62","-22.34","0","0","0","0","14.23","19.78","12.04","14.7"
"root","github.com/go-gen-ecosystem/halolog/pool/BenchmarkPool_GetPID-8","0.2544","0.233","-8.41","0","0","0","0","0.2279","0.3226","0.2154","0.2673"
"root","github.com/go-gen-ecosystem/halolog/pool/BenchmarkPool_ShardAccess-8","0.3293","0.3259","-1.03","0","0","0","0","0.3291","0.3902","0.3177","0.3861"
"root","github.com/go-gen-ecosystem/halolog/pool/BenchmarkPool_SingleCAS-8","10.34","10.41","0.68","0","0","0","0","8.677","11.65","7.759","11.17"
"root","github.com/go-gen-ecosystem/halolog/pool/BenchmarkPool_StatsIncrement-8","4.238","5.398","27.37","0","0","0","0","3.771","5.323","3.891","5.744"
"root","github.com/go-gen-ecosystem/halolog/pool/BenchmarkPure_SyncPool_TypeAssert-8","9.567","7.614","-20.41","0","0","0","0","8.257","11.57","6.213","9.107"
"root","github.com/go-gen-ecosystem/halolog/pool/BenchmarkPure_SyncPool_Unsafe-8","8.394","5.819","-30.68","0","0","0","0","8.224","9.334","5.501","8.954"
"root","github.com/go-gen-ecosystem/halolog/pool/BenchmarkStrategy_Cached-8","0.3937","0.295","-25.07","0","0","0","0","0.3082","0.4143","0.2572","0.2996"
"root","github.com/go-gen-ecosystem/halolog/pool/BenchmarkStrategy_Inline-8","0.2632","0.234","-11.09","0","0","0","0","0.1081","0.2817","0.2322","0.2494"
"root","github.com/go-gen-ecosystem/halolog/pool/BenchmarkStrategy_Optimistic-8","7.913","7.66","-3.2","0","0","0","0","6.883","8.101","6.95","7.787"
"root","github.com/go-gen-ecosystem/halolog/pool/BenchmarkStrategy_Static-8","0.2567","0.2657","3.51","0","0","0","0","0.2485","0.2706","0.245","0.2838"
"root","github.com/go-gen-ecosystem/halolog/pool/BenchmarkStrategy_SyncPool-8","9.802","8.131","-17.05","0","0","0","0","9.336","10.35","6.435","8.46"
"root","github.com/go-gen-ecosystem/halolog/registry/BenchmarkColorRegistry_ConcurrentAccess-8","66.36","65.99","-0.56","0","0","0","0","65.96","67.96","65.67","66.68"
"root","github.com/go-gen-ecosystem/halolog/registry/BenchmarkColorRegistry_GetColorByFieldID-8","11.67","11.73","0.51","0","0","0","0","11.67","11.81","11.68","11.84"
"root","github.com/go-gen-ecosystem/halolog/registry/BenchmarkColorRegistry_RegisterFromConfigWithIDs-8","626.4","628.9","0.4","0","0","0","0","624.2","637.8","613.8","671.6"
"root","github.com/go-gen-ecosystem/halolog/sampling/BenchmarkAdaptiveSampler_Parallel-8","99.37","101.9","2.55","0","0","0","0","99.25","102.5","99.08","103.6"
"root","github.com/go-gen-ecosystem/halolog/sampling/BenchmarkAdaptiveSampler_ShouldSample-8","29.77","29.65","-0.4","0","0","0","0","29.61","30.76","29.49","29.65"
